﻿Transaction Type,Detailed transaction type (dtld_tx_tp)
Groceries,5411
Food & Drinks,5420
Bakeries,5462
"Freezer, Locker-meat provisioners",5422
"Package stores, beer, wine, and liquor",5912
Buslines,4131
"Transportation, suburban and local commuter passenger",4111
Passenger railways (long range),4112
Service stations (with or without extra services),5541
Fuel dispenser automated,5542
"Aircarriers, airlines, not elsewhere classified",4511
"Automobile rental agency, not elsewhere classified",7512
"Limousines, taxi, cabs",4121
Gas & Electricity,6542
Water ,6630
Tikkie,3333
ATM,2222
Income,1111